,Interests,Skills,Education,Career
1,Technology,Technical,MBA,Cybersecurity Specialist
2,Technology,Technical,MBA,AI Developer
3,Technology,Technical,Diploma,Cybersecurity Specialist
4,Technology,Technical,PhD,Software Engineer
5,Technology,Technical,Diploma,Software Engineer
6,Technology,Technical,Master's,Data Scientist
7,Technology,Technical,PhD,Software Engineer
8,Technology,Technical,Master's,Data Scientist
9,Technology,Technical,Master's,Software Engineer
10,Technology,Technical,Master's,Software Engineer
11,Technology,Technical,MBA,Cybersecurity Specialist
12,Technology,Technical,Diploma,Cybersecurity Specialist
13,Technology,Technical,PhD,Software Engineer
14,Technology,Technical,Master's,AI Developer
15,Technology,Technical,PhD,Cybersecurity Specialist
16,Technology,Technical,Bachelor's,Data Scientist
17,Technology,Technical,PhD,Data Scientist
18,Technology,Technical,MBA,Software Engineer
19,Technology,Technical,Diploma,Data Scientist
20,Technology,Technical,Master's,AI Developer
21,Technology,Technical,Master's,Software Engineer
22,Technology,Technical,Bachelor's,Data Scientist
23,Technology,Technical,PhD,AI Developer
24,Technology,Technical,MBA,Software Engineer
25,Technology,Technical,MBA,AI Developer
26,Technology,Technical,MBA,AI Developer
27,Technology,Technical,Diploma,Cybersecurity Specialist
28,Technology,Technical,MBA,Software Engineer
29,Technology,Technical,Diploma,Software Engineer
30,Technology,Technical,MBA,AI Developer
31,Technology,Analytical,Diploma,Systems Analyst
32,Technology,Analytical,Bachelor's,Data Analyst
33,Technology,Analytical,Master's,DevOps Engineer
34,Technology,Analytical,Diploma,DevOps Engineer
35,Technology,Analytical,Bachelor's,DevOps Engineer
36,Technology,Analytical,PhD,DevOps Engineer
37,Technology,Analytical,Bachelor's,Data Analyst
38,Technology,Analytical,MBA,DevOps Engineer
39,Technology,Analytical,MBA,Systems Analyst
40,Technology,Analytical,Master's,DevOps Engineer
41,Technology,Analytical,MBA,DevOps Engineer
42,Technology,Analytical,MBA,Data Analyst
43,Technology,Analytical,MBA,Systems Analyst
44,Technology,Analytical,MBA,Systems Analyst
45,Technology,Analytical,PhD,DevOps Engineer
46,Technology,Analytical,Bachelor's,Data Analyst
47,Technology,Analytical,PhD,Systems Analyst
48,Technology,Analytical,MBA,Systems Analyst
49,Technology,Analytical,MBA,DevOps Engineer
50,Technology,Analytical,Bachelor's,Systems Analyst
51,Technology,Analytical,Bachelor's,Systems Analyst
52,Technology,Analytical,PhD,Systems Analyst
53,Technology,Analytical,Bachelor's,Systems Analyst
54,Technology,Analytical,Diploma,Data Analyst
55,Technology,Analytical,Diploma,Systems Analyst
56,Technology,Analytical,MBA,Data Analyst
57,Technology,Analytical,Master's,DevOps Engineer
58,Technology,Analytical,PhD,DevOps Engineer
59,Technology,Analytical,MBA,DevOps Engineer
60,Technology,Analytical,MBA,Data Analyst
61,Creative Arts,Creative,Master's,Content Creator
62,Creative Arts,Creative,Diploma,Musician
63,Creative Arts,Creative,PhD,Video Producer
64,Creative Arts,Creative,MBA,Graphic Designer
65,Creative Arts,Creative,Bachelor's,Musician
66,Creative Arts,Creative,Master's,Content Creator
67,Creative Arts,Creative,Diploma,Graphic Designer
68,Creative Arts,Creative,Diploma,Video Producer
69,Creative Arts,Creative,Bachelor's,Musician
70,Creative Arts,Creative,Bachelor's,Video Producer
71,Creative Arts,Creative,Bachelor's,Musician
72,Creative Arts,Creative,MBA,Content Creator
73,Creative Arts,Creative,Diploma,Content Creator
74,Creative Arts,Creative,MBA,Video Producer
75,Creative Arts,Creative,MBA,Musician
76,Creative Arts,Creative,MBA,Musician
77,Creative Arts,Creative,MBA,Musician
78,Creative Arts,Creative,Diploma,Musician
79,Creative Arts,Creative,Bachelor's,Content Creator
80,Creative Arts,Creative,MBA,Content Creator
81,Creative Arts,Creative,Diploma,Content Creator
82,Creative Arts,Creative,Bachelor's,Content Creator
83,Creative Arts,Creative,PhD,Video Producer
84,Creative Arts,Creative,Master's,Video Producer
85,Creative Arts,Creative,Diploma,Video Producer
86,Creative Arts,Creative,PhD,Content Creator
87,Creative Arts,Creative,Diploma,Video Producer
88,Creative Arts,Creative,MBA,Content Creator
89,Creative Arts,Creative,Master's,Musician
90,Creative Arts,Creative,Diploma,Video Producer
91,Creative Arts,Communication,Master's,Artist
92,Creative Arts,Communication,Bachelor's,Artist
93,Creative Arts,Communication,MBA,Web Designer
94,Creative Arts,Communication,MBA,Artist
95,Creative Arts,Communication,Master's,Artist
96,Creative Arts,Communication,Bachelor's,Writer
97,Creative Arts,Communication,Diploma,Web Designer
98,Creative Arts,Communication,PhD,Writer
99,Creative Arts,Communication,MBA,Writer
100,Creative Arts,Communication,Diploma,Artist
101,Creative Arts,Communication,Bachelor's,Web Designer
102,Creative Arts,Communication,Master's,Artist
103,Creative Arts,Communication,Master's,Writer
104,Creative Arts,Communication,MBA,Artist
105,Creative Arts,Communication,PhD,Web Designer
106,Creative Arts,Communication,MBA,Web Designer
107,Creative Arts,Communication,Bachelor's,Artist
108,Creative Arts,Communication,Diploma,Artist
109,Creative Arts,Communication,PhD,Web Designer
110,Creative Arts,Communication,MBA,Web Designer
111,Creative Arts,Communication,Bachelor's,Web Designer
112,Creative Arts,Communication,Bachelor's,Writer
113,Creative Arts,Communication,PhD,Writer
114,Creative Arts,Communication,Bachelor's,Artist
115,Creative Arts,Communication,Bachelor's,Web Designer
116,Creative Arts,Communication,Bachelor's,Artist
117,Creative Arts,Communication,Master's,Web Designer
118,Creative Arts,Communication,PhD,Writer
119,Creative Arts,Communication,Bachelor's,Artist
120,Creative Arts,Communication,Bachelor's,Artist
121,Helping People,Communication,PhD,Counselor
122,Helping People,Communication,MBA,Social Worker
123,Helping People,Communication,Master's,Nurse
124,Helping People,Communication,Diploma,Social Worker
125,Helping People,Communication,Master's,Social Worker
126,Helping People,Communication,Bachelor's,Nurse
127,Helping People,Communication,Diploma,Social Worker
128,Helping People,Communication,MBA,Social Worker
129,Helping People,Communication,Master's,Nurse
130,Helping People,Communication,PhD,Nurse
131,Helping People,Communication,PhD,Teacher
132,Helping People,Communication,MBA,Counselor
133,Helping People,Communication,Diploma,Social Worker
134,Helping People,Communication,Bachelor's,Nurse
135,Helping People,Communication,PhD,Counselor
136,Helping People,Communication,MBA,Counselor
137,Helping People,Communication,MBA,Counselor
138,Helping People,Communication,Master's,Nurse
139,Helping People,Communication,MBA,Teacher
140,Helping People,Communication,Master's,Nurse
141,Helping People,Communication,Diploma,Counselor
142,Helping People,Communication,Diploma,Counselor
143,Helping People,Communication,PhD,Teacher
144,Helping People,Communication,MBA,Counselor
145,Helping People,Communication,Bachelor's,Teacher
146,Helping People,Communication,Diploma,Nurse
147,Helping People,Communication,PhD,Social Worker
148,Helping People,Communication,Diploma,Counselor
149,Helping People,Communication,Master's,Social Worker
150,Helping People,Communication,Diploma,Counselor
151,Helping People,Leadership,Master's,Community Manager
152,Helping People,Leadership,Bachelor's,Healthcare Manager
153,Helping People,Leadership,MBA,Community Manager
154,Helping People,Leadership,Diploma,Healthcare Manager
155,Helping People,Leadership,Master's,Community Manager
156,Helping People,Leadership,PhD,Healthcare Manager
157,Helping People,Leadership,MBA,Community Manager
158,Helping People,Leadership,Master's,Community Manager
159,Helping People,Leadership,Diploma,Healthcare Manager
160,Helping People,Leadership,Diploma,Healthcare Manager
161,Helping People,Leadership,Master's,Healthcare Manager
162,Helping People,Leadership,MBA,Healthcare Manager
163,Helping People,Leadership,PhD,Community Manager
164,Helping People,Leadership,MBA,Community Manager
165,Helping People,Leadership,Master's,Community Manager
166,Helping People,Leadership,MBA,Healthcare Manager
167,Helping People,Leadership,Bachelor's,Healthcare Manager
168,Helping People,Leadership,Bachelor's,Healthcare Manager
169,Helping People,Leadership,Diploma,Community Manager
170,Helping People,Leadership,MBA,Healthcare Manager
171,Helping People,Leadership,PhD,Healthcare Manager
172,Helping People,Leadership,PhD,Community Manager
173,Helping People,Leadership,Master's,Healthcare Manager
174,Helping People,Leadership,Bachelor's,Healthcare Manager
175,Helping People,Leadership,Diploma,Community Manager
176,Helping People,Leadership,Bachelor's,Healthcare Manager
177,Helping People,Leadership,PhD,Healthcare Manager
178,Helping People,Leadership,Bachelor's,Community Manager
179,Helping People,Leadership,Bachelor's,Community Manager
180,Helping People,Leadership,PhD,Healthcare Manager
181,Business & Finance,Analytical,Bachelor's,Financial Analyst
182,Business & Finance,Analytical,Master's,Investment Banker
183,Business & Finance,Analytical,MBA,Economist
184,Business & Finance,Analytical,PhD,Economist
185,Business & Finance,Analytical,Diploma,Investment Banker
186,Business & Finance,Analytical,MBA,Financial Analyst
187,Business & Finance,Analytical,MBA,Economist
188,Business & Finance,Analytical,PhD,Financial Analyst
189,Business & Finance,Analytical,PhD,Investment Banker
190,Business & Finance,Analytical,MBA,Economist
191,Business & Finance,Analytical,Master's,Accountant
192,Business & Finance,Analytical,Bachelor's,Accountant
193,Business & Finance,Analytical,Diploma,Accountant
194,Business & Finance,Analytical,Bachelor's,Economist
195,Business & Finance,Analytical,PhD,Investment Banker
196,Business & Finance,Analytical,Bachelor's,Economist
197,Business & Finance,Analytical,Bachelor's,Investment Banker
198,Business & Finance,Analytical,Diploma,Financial Analyst
199,Business & Finance,Analytical,Bachelor's,Accountant
200,Business & Finance,Analytical,Master's,Investment Banker
201,Business & Finance,Analytical,Diploma,Investment Banker
202,Business & Finance,Analytical,Bachelor's,Investment Banker
203,Business & Finance,Analytical,Diploma,Investment Banker
204,Business & Finance,Analytical,Master's,Accountant
205,Business & Finance,Analytical,Master's,Financial Analyst
206,Business & Finance,Analytical,PhD,Investment Banker
207,Business & Finance,Analytical,Master's,Accountant
208,Business & Finance,Analytical,Master's,Financial Analyst
209,Business & Finance,Analytical,Bachelor's,Investment Banker
210,Business & Finance,Analytical,Bachelor's,Accountant
211,Business & Finance,Leadership,Master's,Legal Advisor
212,Business & Finance,Leadership,PhD,Project Manager
213,Business & Finance,Leadership,Master's,Marketing Manager
214,Business & Finance,Leadership,Bachelor's,Project Manager
215,Business & Finance,Leadership,MBA,Legal Advisor
216,Business & Finance,Leadership,Bachelor's,Legal Advisor
217,Business & Finance,Leadership,Bachelor's,Marketing Manager
218,Business & Finance,Leadership,MBA,Marketing Manager
219,Business & Finance,Leadership,Diploma,Legal Advisor
220,Business & Finance,Leadership,Bachelor's,Marketing Manager
221,Business & Finance,Leadership,Diploma,Project Manager
222,Business & Finance,Leadership,Diploma,Project Manager
223,Business & Finance,Leadership,Diploma,Marketing Manager
224,Business & Finance,Leadership,MBA,Legal Advisor
225,Business & Finance,Leadership,Bachelor's,Project Manager
226,Business & Finance,Leadership,MBA,Marketing Manager
227,Business & Finance,Leadership,MBA,Legal Advisor
228,Business & Finance,Leadership,Bachelor's,Marketing Manager
229,Business & Finance,Leadership,MBA,Project Manager
230,Business & Finance,Leadership,Bachelor's,Marketing Manager
231,Business & Finance,Leadership,Diploma,Project Manager
232,Business & Finance,Leadership,Bachelor's,Project Manager
233,Business & Finance,Leadership,PhD,Legal Advisor
234,Business & Finance,Leadership,Diploma,Legal Advisor
235,Business & Finance,Leadership,PhD,Marketing Manager
236,Business & Finance,Leadership,Diploma,Legal Advisor
237,Business & Finance,Leadership,PhD,Marketing Manager
238,Business & Finance,Leadership,Diploma,Legal Advisor
239,Business & Finance,Leadership,MBA,Project Manager
240,Business & Finance,Leadership,Bachelor's,Legal Advisor
241,Science & Research,Analytical,Diploma,Biologist
242,Science & Research,Analytical,MBA,Statistician
243,Science & Research,Analytical,Master's,Statistician
244,Science & Research,Analytical,PhD,Statistician
245,Science & Research,Analytical,MBA,Statistician
246,Science & Research,Analytical,Bachelor's,Chemist
247,Science & Research,Analytical,MBA,Chemist
248,Science & Research,Analytical,PhD,Chemist
249,Science & Research,Analytical,Master's,Statistician
250,Science & Research,Analytical,Bachelor's,Research Scientist
251,Science & Research,Analytical,Bachelor's,Research Scientist
252,Science & Research,Analytical,MBA,Research Scientist
253,Science & Research,Analytical,PhD,Biologist
254,Science & Research,Analytical,Diploma,Research Scientist
255,Science & Research,Analytical,Diploma,Chemist
256,Science & Research,Analytical,Bachelor's,Statistician
257,Science & Research,Analytical,PhD,Statistician
258,Science & Research,Analytical,Bachelor's,Chemist
259,Science & Research,Analytical,Diploma,Chemist
260,Science & Research,Analytical,PhD,Research Scientist
261,Science & Research,Analytical,Diploma,Biologist
262,Science & Research,Analytical,Master's,Statistician
263,Science & Research,Analytical,Master's,Research Scientist
264,Science & Research,Analytical,PhD,Chemist
265,Science & Research,Analytical,Bachelor's,Chemist
266,Science & Research,Analytical,Diploma,Biologist
267,Science & Research,Analytical,MBA,Research Scientist
268,Science & Research,Analytical,Diploma,Chemist
269,Science & Research,Analytical,Bachelor's,Biologist
270,Science & Research,Analytical,PhD,Chemist
271,Science & Research,Technical,PhD,Pharmacologist
272,Science & Research,Technical,Bachelor's,Lab Technician
273,Science & Research,Technical,Master's,Pharmacologist
274,Science & Research,Technical,Bachelor's,Lab Technician
275,Science & Research,Technical,Bachelor's,Lab Technician
276,Science & Research,Technical,Diploma,Lab Technician
277,Science & Research,Technical,MBA,Pharmacologist
278,Science & Research,Technical,MBA,Pharmacologist
279,Science & Research,Technical,Master's,Pharmacologist
280,Science & Research,Technical,PhD,Pharmacologist
281,Science & Research,Technical,Diploma,Lab Technician
282,Science & Research,Technical,Bachelor's,Lab Technician
283,Science & Research,Technical,Master's,Lab Technician
284,Science & Research,Technical,Bachelor's,Pharmacologist
285,Science & Research,Technical,MBA,Pharmacologist
286,Science & Research,Technical,MBA,Pharmacologist
287,Science & Research,Technical,MBA,Pharmacologist
288,Science & Research,Technical,Master's,Lab Technician
289,Science & Research,Technical,PhD,Pharmacologist
290,Science & Research,Technical,Bachelor's,Pharmacologist
291,Science & Research,Technical,Diploma,Pharmacologist
292,Science & Research,Technical,Diploma,Pharmacologist
293,Science & Research,Technical,Bachelor's,Lab Technician
294,Science & Research,Technical,MBA,Lab Technician
295,Science & Research,Technical,Bachelor's,Lab Technician
296,Science & Research,Technical,PhD,Lab Technician
297,Science & Research,Technical,Master's,Pharmacologist
298,Science & Research,Technical,PhD,Pharmacologist
299,Science & Research,Technical,Bachelor's,Lab Technician
300,Science & Research,Technical,MBA,Pharmacologist
301,Technology,Technical,MBA,Cybersecurity Specialist
302,Technology,Technical,MBA,AI Developer
303,Technology,Technical,Diploma,Cybersecurity Specialist
304,Technology,Technical,PhD,Software Engineer
305,Technology,Technical,Diploma,Software Engineer
306,Technology,Technical,Master's,Data Scientist
307,Technology,Technical,Master's,Software Engineer
308,Technology,Technical,Master's,AI Developer
309,Technology,Technical,PhD,Cybersecurity Specialist
310,Technology,Technical,Bachelor's,Data Scientist
311,Technology,Technical,PhD,Data Scientist
312,Technology,Technical,MBA,Software Engineer
313,Technology,Technical,Diploma,Data Scientist
314,Technology,Technical,PhD,AI Developer
315,Technology,Analytical,Diploma,Systems Analyst
316,Technology,Analytical,Bachelor's,Data Analyst
317,Technology,Analytical,Master's,DevOps Engineer
318,Technology,Analytical,Diploma,DevOps Engineer
319,Technology,Analytical,Bachelor's,DevOps Engineer
320,Technology,Analytical,PhD,DevOps Engineer
321,Technology,Analytical,MBA,DevOps Engineer
322,Technology,Analytical,MBA,Systems Analyst
323,Technology,Analytical,MBA,Data Analyst
324,Technology,Analytical,PhD,Systems Analyst
325,Technology,Analytical,Bachelor's,Systems Analyst
326,Technology,Analytical,Diploma,Data Analyst
327,Creative Arts,Creative,Master's,Content Creator
328,Creative Arts,Creative,Diploma,Musician
329,Creative Arts,Creative,PhD,Video Producer
330,Creative Arts,Creative,MBA,Graphic Designer
331,Creative Arts,Creative,Bachelor's,Musician
332,Creative Arts,Creative,Diploma,Graphic Designer
333,Creative Arts,Creative,Diploma,Video Producer
334,Creative Arts,Creative,Bachelor's,Video Producer
335,Creative Arts,Creative,MBA,Content Creator
336,Creative Arts,Creative,Diploma,Content Creator
337,Creative Arts,Creative,MBA,Video Producer
338,Creative Arts,Creative,MBA,Musician
339,Creative Arts,Creative,Bachelor's,Content Creator
340,Creative Arts,Creative,Master's,Video Producer
341,Creative Arts,Creative,PhD,Content Creator
342,Creative Arts,Creative,Master's,Musician
343,Creative Arts,Communication,Master's,Artist
344,Creative Arts,Communication,Bachelor's,Artist
345,Creative Arts,Communication,MBA,Web Designer
346,Creative Arts,Communication,MBA,Artist
347,Creative Arts,Communication,Bachelor's,Writer
348,Creative Arts,Communication,Diploma,Web Designer
349,Creative Arts,Communication,PhD,Writer
350,Creative Arts,Communication,MBA,Writer
351,Creative Arts,Communication,Diploma,Artist
352,Creative Arts,Communication,Bachelor's,Web Designer
353,Creative Arts,Communication,Master's,Writer
354,Creative Arts,Communication,PhD,Web Designer
355,Creative Arts,Communication,Master's,Web Designer
356,Helping People,Communication,PhD,Counselor
357,Helping People,Communication,MBA,Social Worker
358,Helping People,Communication,Master's,Nurse
359,Helping People,Communication,Diploma,Social Worker
360,Helping People,Communication,Master's,Social Worker
361,Helping People,Communication,Bachelor's,Nurse
362,Helping People,Communication,PhD,Nurse
363,Helping People,Communication,PhD,Teacher
364,Helping People,Communication,MBA,Counselor
365,Helping People,Communication,MBA,Teacher
366,Helping People,Communication,Diploma,Counselor
367,Helping People,Communication,Bachelor's,Teacher
368,Helping People,Communication,Diploma,Nurse
369,Helping People,Communication,PhD,Social Worker
370,Helping People,Leadership,Master's,Community Manager
371,Helping People,Leadership,Bachelor's,Healthcare Manager
372,Helping People,Leadership,MBA,Community Manager
373,Helping People,Leadership,Diploma,Healthcare Manager
374,Helping People,Leadership,PhD,Healthcare Manager
375,Helping People,Leadership,Master's,Healthcare Manager
376,Helping People,Leadership,MBA,Healthcare Manager
377,Helping People,Leadership,PhD,Community Manager
378,Helping People,Leadership,Diploma,Community Manager
379,Helping People,Leadership,Bachelor's,Community Manager
380,Business & Finance,Analytical,Bachelor's,Financial Analyst
381,Business & Finance,Analytical,Master's,Investment Banker
382,Business & Finance,Analytical,MBA,Economist
383,Business & Finance,Analytical,PhD,Economist
384,Business & Finance,Analytical,Diploma,Investment Banker
385,Business & Finance,Analytical,MBA,Financial Analyst
386,Business & Finance,Analytical,PhD,Financial Analyst
387,Business & Finance,Analytical,PhD,Investment Banker
388,Business & Finance,Analytical,Master's,Accountant
389,Business & Finance,Analytical,Bachelor's,Accountant
390,Business & Finance,Analytical,Diploma,Accountant
391,Business & Finance,Analytical,Bachelor's,Economist
392,Business & Finance,Analytical,Bachelor's,Investment Banker
393,Business & Finance,Analytical,Diploma,Financial Analyst
394,Business & Finance,Analytical,Master's,Financial Analyst
395,Business & Finance,Leadership,Master's,Legal Advisor
396,Business & Finance,Leadership,PhD,Project Manager
397,Business & Finance,Leadership,Master's,Marketing Manager
398,Business & Finance,Leadership,Bachelor's,Project Manager
399,Business & Finance,Leadership,MBA,Legal Advisor
400,Business & Finance,Leadership,Bachelor's,Legal Advisor
401,Business & Finance,Leadership,Bachelor's,Marketing Manager
402,Business & Finance,Leadership,MBA,Marketing Manager
403,Business & Finance,Leadership,Diploma,Legal Advisor
404,Business & Finance,Leadership,Diploma,Project Manager
405,Business & Finance,Leadership,Diploma,Marketing Manager
406,Business & Finance,Leadership,MBA,Project Manager
407,Business & Finance,Leadership,PhD,Legal Advisor
408,Business & Finance,Leadership,PhD,Marketing Manager
409,Science & Research,Analytical,Diploma,Biologist
410,Science & Research,Analytical,MBA,Statistician
411,Science & Research,Analytical,Master's,Statistician
412,Science & Research,Analytical,PhD,Statistician
413,Science & Research,Analytical,Bachelor's,Chemist
414,Science & Research,Analytical,MBA,Chemist
415,Science & Research,Analytical,PhD,Chemist
416,Science & Research,Analytical,Bachelor's,Research Scientist
417,Science & Research,Analytical,MBA,Research Scientist
418,Science & Research,Analytical,PhD,Biologist
419,Science & Research,Analytical,Diploma,Research Scientist
420,Science & Research,Analytical,Diploma,Chemist
421,Science & Research,Analytical,Bachelor's,Statistician
422,Science & Research,Analytical,PhD,Research Scientist
423,Science & Research,Analytical,Master's,Research Scientist
424,Science & Research,Analytical,Bachelor's,Biologist
425,Science & Research,Technical,PhD,Pharmacologist
426,Science & Research,Technical,Bachelor's,Lab Technician
427,Science & Research,Technical,Master's,Pharmacologist
428,Science & Research,Technical,Diploma,Lab Technician
429,Science & Research,Technical,MBA,Pharmacologist
430,Science & Research,Technical,Master's,Lab Technician
431,Science & Research,Technical,Bachelor's,Pharmacologist
432,Science & Research,Technical,Diploma,Pharmacologist
433,Science & Research,Technical,MBA,Lab Technician
434,Science & Research,Technical,PhD,Lab Technician
435,Technology,Analytical,Bachelor's,Software Engineer
436,Creative Arts,Creative,Master's,Graphic Designer
437,Business & Finance,Leadership,Bachelor's,Financial Analyst
438,Helping People,Communication,Master's,Teacher
439,Business & Finance,Analytical,PhD,Project Manager
440,Science & Research,Leadership,Bachelor's,Artist
441,Technology,Analytical,Master's,AI Developer
442,Creative Arts,Creative,PhD,Web Designer
443,Helping People,Communication,Bachelor's,Social Worker
444,Business & Finance,Leadership,Master's,Business Consultant
445,Science & Research,Technical,PhD,Biologist
446,Technology,Analytical,Bachelor's,AI Ethicist
447,Technology,Technical,Master's,Robotics Engineer
448,Science & Research,Research,PhD,Environmental Consultant
449,Helping People,Empathy,Bachelor's,Mental Health Advocate
450,Environment,Problem-Solving,Master's,Sustainability Specialist
451,Business & Finance,Leadership,MBA,Product Manager
452,Creative Arts,Creative,Bachelor's,Game Designer
453,Technology,Innovation,PhD,Quantum Computing Researcher
454,Science & Research,Analytical,Master's,Data Journalist
455,Helping People,Communication,Bachelor's,Community Outreach Coordinator
